enrollment_id,userId,courseId
00ac0afd-97b5-4867-b11b-76c792803980,0165f0ca-53e5-4637-8e29-e01f330c49e5,691ca1f5-8df5-4df2-9e2e-72b43a1ce679
012cdd68-b611-47ab-8651-3076cc2d2410,3fc777b1-6872-4f7d-af40-b716777c511b,399865b0-582d-4f3c-a752-66923b881a81
01ba0983-45a7-4490-970a-9ba61737904a,79d334a8-db70-4759-87b4-4c6ac67a6ca1,e63e6cfc-060a-41ad-8d2d-f8f8695cc3d8
01c170c1-bda9-4e77-ad18-ae8fd38b1060,78b00261-2f98-46fe-a140-b3632aa8a8b3,4e7b9562-e957-4630-8d5d-89388793f561
01fe02c3-e4fb-4544-a8cd-8efc26cfbe8c,4fe6b059-89a5-4d4f-b4ca-e25c8da21913,e63e6cfc-060a-41ad-8d2d-f8f8695cc3d8
03657164-6a99-4d34-9180-f34c8c14453a,ba8acce4-b029-4e45-b047-72045d90e2a0,d46d9bc7-6f41-4640-b122-21d24486d8b5
0415a3ae-6a22-49eb-9f8b-9781de128f1c,c62fbd34-f95f-4294-9a8c-ef2c2d2029e7,e63e6cfc-060a-41ad-8d2d-f8f8695cc3d8
06281fe4-bb50-436a-9fd8-f89e9467a3ce,9fb8e846-6853-424b-b223-3301abb86f6c,2491a797-6df8-4944-96a3-bd9bbde5258c
0644c6b6-fd87-4660-882f-2e57cc0a550e,c62fbd34-f95f-4294-9a8c-ef2c2d2029e7,d46d9bc7-6f41-4640-b122-21d24486d8b5
06efbdb7-2622-4250-9eaa-6c1f9d0fd6b0,fe236505-219f-459f-89fa-b8d6c3cdfd6b,4e7b9562-e957-4630-8d5d-89388793f561
072fcd79-6931-484b-8f94-03e7311bb03b,2c86a550-7f4f-41ce-877d-c3aa74d8e90e,4e7b9562-e957-4630-8d5d-89388793f561
08c3a683-1785-4771-9aaf-e52d69658563,3c5e3de4-41dd-446b-ab35-ee308241ea2b,d4ff8b98-c13e-441e-ad01-3b8d28100e1a
08f11aa5-8e6f-4082-bcb1-f6f94a207554,0165f0ca-53e5-4637-8e29-e01f330c49e5,27547a61-f3b1-4377-9d02-19ddd866b3ff
09be8889-8f24-4b66-b679-7aa374d802bf,aab34b56-7db3-48ff-8194-e7574620e937,d46d9bc7-6f41-4640-b122-21d24486d8b5
0a4b7617-d4cc-4832-b7a4-85dbd50d26ed,91b4d6e1-711d-4ab9-92da-cb597962a695,674ffc82-44e8-4b66-8ce9-1480a9ef69fd
0a6d6f8a-4073-4308-900c-7dba3e6e028e,a74f5d0b-2618-4450-950e-ba5af558378e,d4ff8b98-c13e-441e-ad01-3b8d28100e1a
0d487ed1-2e43-4ed0-adc6-beae535bc9b7,a9227e33-7c4e-42f1-a79c-e39c8dec944b,d46d9bc7-6f41-4640-b122-21d24486d8b5
0e339435-45ac-418f-bce3-c6a7b65291df,5617e71e-bd70-4a82-8c6a-5f6e589dc321,691ca1f5-8df5-4df2-9e2e-72b43a1ce679
0ec3fbc7-2bff-4de6-aecc-d187c3e9c6d8,a11b687e-84f7-4e47-ad0f-3e30894aced8,274d30f5-98e4-4537-ba17-fa3215cc9020
0efd8c40-e3ba-4ecb-8494-0c798d4b68a5,6f4112d6-3237-45b1-8462-0df000cbcb4d,d4ff8b98-c13e-441e-ad01-3b8d28100e1a
0f028ab5-b8fe-4cec-923e-3c66405caea4,377a058f-cc32-4377-b7cd-02e651dd58ab,2491a797-6df8-4944-96a3-bd9bbde5258c
0f2f9633-3f9d-4bc9-b391-6b28efdac589,78b00261-2f98-46fe-a140-b3632aa8a8b3,e63e6cfc-060a-41ad-8d2d-f8f8695cc3d8
0f41e34e-93f8-46cc-8cf5-7fafe5d88ea1,44f2814e-56d5-48f0-8a2c-d530db95e8a4,2491a797-6df8-4944-96a3-bd9bbde5258c
0fa9c6be-cd4e-48d8-aedb-49f41da3b2c2,fb093e0d-7259-48f4-96cc-b59398216f33,274d30f5-98e4-4537-ba17-fa3215cc9020
0ff4f6f7-7ca9-45cb-ad5c-1424c8115feb,c198b4d3-8f80-4d6f-bdfa-5d1901d08136,691ca1f5-8df5-4df2-9e2e-72b43a1ce679
106e3779-70d0-42ba-a3ed-e2d6f20752a1,e31bc982-a05e-4c55-b5f2-a8e2cebdd0de,4e7b9562-e957-4630-8d5d-89388793f561
107f4bc1-9c71-4e60-a8f9-2c9d052ecf8f,fb093e0d-7259-48f4-96cc-b59398216f33,4e7b9562-e957-4630-8d5d-89388793f561
114d95f8-9498-4c62-a94a-4309c632d583,aab34b56-7db3-48ff-8194-e7574620e937,e63e6cfc-060a-41ad-8d2d-f8f8695cc3d8
1153bdae-3551-40f3-8f97-6b0c18bcd4da,377a058f-cc32-4377-b7cd-02e651dd58ab,399865b0-582d-4f3c-a752-66923b881a81
115cf710-66a5-47f8-828e-8cb9c8e3d12c,6a3c820f-a6c8-417d-b1eb-3a91fd5465f1,4e7b9562-e957-4630-8d5d-89388793f561
128d32b0-f7b2-4807-8282-4380bd2d19f6,c98ed1a9-cd26-46bc-988d-ffb2ad25c4d2,691ca1f5-8df5-4df2-9e2e-72b43a1ce679
1360f53a-8d85-47a7-9f97-e2b240e75597,0cacce4c-39f0-462b-be29-cc399cc38919,27547a61-f3b1-4377-9d02-19ddd866b3ff
13b79411-9b8f-495a-bb07-10f538c2ffaa,9d30b528-1f30-44b0-af2f-eb9261cd9b60,399865b0-582d-4f3c-a752-66923b881a81
14b7f86b-a695-4823-94c4-37c0c7488729,e31bc982-a05e-4c55-b5f2-a8e2cebdd0de,4e7b9562-e957-4630-8d5d-89388793f561
14d12654-1d2a-420e-b8da-596b383425c3,188a0abb-2088-40da-ad9a-d9b7c13de723,d46d9bc7-6f41-4640-b122-21d24486d8b5
1556fdd6-a4b0-4411-a3ad-135420b1c128,437094ec-0349-4a18-adc6-d1a4c594b467,d46d9bc7-6f41-4640-b122-21d24486d8b5
15a294aa-f4af-4336-8899-aed498d70daa,91b4d6e1-711d-4ab9-92da-cb597962a695,399865b0-582d-4f3c-a752-66923b881a81
15c5cf1a-c1e3-46e7-90e1-0e051604493a,6e838593-0bff-4e03-8314-1d39cb7a11ee,4e7b9562-e957-4630-8d5d-89388793f561
15e37885-8d28-4305-9570-e68e50358a35,0cacce4c-39f0-462b-be29-cc399cc38919,d4ff8b98-c13e-441e-ad01-3b8d28100e1a
16746ea5-7103-47b6-bf77-e3ad95c67240,188a0abb-2088-40da-ad9a-d9b7c13de723,691ca1f5-8df5-4df2-9e2e-72b43a1ce679
168af0ac-49f3-427e-84de-11e547635264,b2c2e36f-d596-4212-999c-bfc8946ead07,d46d9bc7-6f41-4640-b122-21d24486d8b5
1751f05b-9557-425b-8e36-6e8482a837ce,524266d8-1e8f-49ce-8f21-eb74cd16d6a7,274d30f5-98e4-4537-ba17-fa3215cc9020
1775eaca-df3a-43df-9277-87586edc3efc,284bbf9c-4732-441c-a594-f232c49fc07a,274d30f5-98e4-4537-ba17-fa3215cc9020
185fe397-42fd-44c0-982d-db0a3b9bc82f,71107579-fb72-4ceb-9931-ff886ea766ae,274d30f5-98e4-4537-ba17-fa3215cc9020
1871575b-3b79-4925-ab74-56125d51f18c,12059e6c-4cef-4916-9f2a-0123de76c296,d4ff8b98-c13e-441e-ad01-3b8d28100e1a
188cedb8-4008-4e33-b45c-ef84903ac097,e31bc982-a05e-4c55-b5f2-a8e2cebdd0de,674ffc82-44e8-4b66-8ce9-1480a9ef69fd
194d2e81-1acc-498f-9814-b097676e3653,1e66883a-9846-4384-8793-124a0f5266da,d4ff8b98-c13e-441e-ad01-3b8d28100e1a
19570986-fed8-4178-9cec-c503ef661365,0165f0ca-53e5-4637-8e29-e01f330c49e5,e63e6cfc-060a-41ad-8d2d-f8f8695cc3d8
19884fd7-297b-4358-9db5-bbe58318546c,bdf64d95-1631-4859-9993-a6915d046548,e63e6cfc-060a-41ad-8d2d-f8f8695cc3d8
19e90a11-7740-4a52-a752-12fd030b08b0,68b6f1c1-24dd-45a3-860f-82e11c73dc43,274d30f5-98e4-4537-ba17-fa3215cc9020
1a16df91-a5d2-4a78-a658-4f247c041c74,0887069a-aa53-4246-8837-cc51371808d1,399865b0-582d-4f3c-a752-66923b881a81
1a532416-45f0-4342-9930-77a398bfbe98,efd70f03-565c-4e0e-a114-80dfa5fa2b29,674ffc82-44e8-4b66-8ce9-1480a9ef69fd
1b5de660-a143-4e69-aeb6-c8b2a08003e1,9fb8e846-6853-424b-b223-3301abb86f6c,e63e6cfc-060a-41ad-8d2d-f8f8695cc3d8
1b6b8537-be27-43e7-8e90-6a643d24eee9,019adb9b-5729-471d-a3f7-2996de28451b,2491a797-6df8-4944-96a3-bd9bbde5258c
1baa02fd-0aff-40c6-b7b2-643449743061,c198b4d3-8f80-4d6f-bdfa-5d1901d08136,2491a797-6df8-4944-96a3-bd9bbde5258c
1ed58ae0-ec6e-4e84-bab6-3f74f89fcd68,cbce11d7-787f-4bc8-b82c-d2457ecbc351,2491a797-6df8-4944-96a3-bd9bbde5258c
1ef06cc0-d655-4f8e-899d-ae7c0863c7ca,3fc777b1-6872-4f7d-af40-b716777c511b,d4ff8b98-c13e-441e-ad01-3b8d28100e1a
1f1b99b2-db9f-4e1c-b6bd-ec838a907fa8,b2cfa4a2-f89c-4313-bba0-c27c0a7d5eaa,2491a797-6df8-4944-96a3-bd9bbde5258c
1f9635be-e5ae-4eac-889e-33748bbf90bd,5617e71e-bd70-4a82-8c6a-5f6e589dc321,4e7b9562-e957-4630-8d5d-89388793f561
202763ad-eb96-409a-998e-6ab8e047583b,ba8acce4-b029-4e45-b047-72045d90e2a0,27547a61-f3b1-4377-9d02-19ddd866b3ff
20884766-8a04-45bc-85d4-ed41852ee600,5c35d608-fe8c-4d4c-b27d-dbbdd016173c,4e7b9562-e957-4630-8d5d-89388793f561
20f864bc-4009-499b-a899-db1705c6f8eb,1e66883a-9846-4384-8793-124a0f5266da,27547a61-f3b1-4377-9d02-19ddd866b3ff
2106bfb3-6899-463e-801f-d2c02f65f3fe,5a7cfe69-d346-4dfd-9c72-bf7a7229a3c7,691ca1f5-8df5-4df2-9e2e-72b43a1ce679
222af114-cc20-4f5b-b7a7-bf9fde9e9770,3c5e3de4-41dd-446b-ab35-ee308241ea2b,674ffc82-44e8-4b66-8ce9-1480a9ef69fd
2240a741-d2b3-4bcd-990a-d758c60f6b60,c5f71c49-e966-46c9-b0b4-a5a6a882c0e5,274d30f5-98e4-4537-ba17-fa3215cc9020
2354e1e8-7ada-4719-9e78-ddcac5a0feb3,bea71243-fc52-45fa-8c08-70f5c5e6d06f,d46d9bc7-6f41-4640-b122-21d24486d8b5
23d91657-628e-4aa5-b3ee-65076e82a3de,ecd1768c-149c-4c04-9faa-32ad7dcff658,4e7b9562-e957-4630-8d5d-89388793f561
2429d576-981f-4c81-89e1-14c956fb7a21,212e3dc5-e42c-478d-8b86-048efc1ee17c,27547a61-f3b1-4377-9d02-19ddd866b3ff
24cf7472-4c50-44df-aebc-bf2afbb54da5,3c5e3de4-41dd-446b-ab35-ee308241ea2b,e63e6cfc-060a-41ad-8d2d-f8f8695cc3d8
25865e15-da75-46f2-a7a0-195a1c066252,cc267e9d-3289-4a34-b197-49cf9ed68a4b,274d30f5-98e4-4537-ba17-fa3215cc9020
258f064b-4ebf-49cb-9d3a-64977bfe7884,91b4d6e1-711d-4ab9-92da-cb597962a695,691ca1f5-8df5-4df2-9e2e-72b43a1ce679
25dd1c97-af81-430c-bc37-749512f11a74,ecd1768c-149c-4c04-9faa-32ad7dcff658,27547a61-f3b1-4377-9d02-19ddd866b3ff
260d00a3-8d95-4ba9-807b-52e37dc99eae,437094ec-0349-4a18-adc6-d1a4c594b467,d4ff8b98-c13e-441e-ad01-3b8d28100e1a
26662cb7-7a0b-46b3-b1d5-36ce567c281f,7d347500-296c-4642-8f09-e0999c27b921,274d30f5-98e4-4537-ba17-fa3215cc9020
26c97563-c7fa-456e-99f1-88487a12bba2,c198b4d3-8f80-4d6f-bdfa-5d1901d08136,274d30f5-98e4-4537-ba17-fa3215cc9020
278cca44-afd9-49fb-97de-799f9546cae5,6a3c820f-a6c8-417d-b1eb-3a91fd5465f1,e63e6cfc-060a-41ad-8d2d-f8f8695cc3d8
28977dad-54f6-4202-9b25-898fa94b50e4,68b6f1c1-24dd-45a3-860f-82e11c73dc43,691ca1f5-8df5-4df2-9e2e-72b43a1ce679
295daae3-8bc9-41d4-a47e-6b9d57591f6b,3a997d60-2e5c-47d9-a11e-94752124824a,274d30f5-98e4-4537-ba17-fa3215cc9020
29acf190-6b05-4e8f-a1fd-e73f3e6fd728,148be5e9-17a9-476d-9a5a-d0a69b227547,d4ff8b98-c13e-441e-ad01-3b8d28100e1a
2a0cea8e-c73e-4ed5-a15c-9be921aa3a4a,12059e6c-4cef-4916-9f2a-0123de76c296,674ffc82-44e8-4b66-8ce9-1480a9ef69fd
2aec235e-b7fd-4ff1-b3dc-a51b97e7c31b,de040631-2f74-48ee-abbb-b1a7ddf52f12,274d30f5-98e4-4537-ba17-fa3215cc9020
2bb7fe41-b840-42c1-b3a2-ede0104aa3ec,f617c111-ddcb-415b-9bbb-0e34640ff6e6,4e7b9562-e957-4630-8d5d-89388793f561
2bbb670f-f74a-41d5-99ac-e57849ccbd3c,53fad979-5605-496a-9929-1cafd692e2f3,399865b0-582d-4f3c-a752-66923b881a81
2c1ea034-0d35-4c61-85b7-81f69d9e05d6,04911fe4-65ce-4bbc-9fa7-b94e0ecf5e78,674ffc82-44e8-4b66-8ce9-1480a9ef69fd
2c569eec-6db9-40a1-bad7-e185723b503e,fe236505-219f-459f-89fa-b8d6c3cdfd6b,d4ff8b98-c13e-441e-ad01-3b8d28100e1a
2cc66f18-4f81-4b81-8aa1-34200922b545,91b4d6e1-711d-4ab9-92da-cb597962a695,691ca1f5-8df5-4df2-9e2e-72b43a1ce679
2dd1f806-aade-4cc9-88c2-223f56b7a567,1e66883a-9846-4384-8793-124a0f5266da,27547a61-f3b1-4377-9d02-19ddd866b3ff
2deed749-a1bb-4ed5-958c-6209e92983e3,2c86a550-7f4f-41ce-877d-c3aa74d8e90e,d46d9bc7-6f41-4640-b122-21d24486d8b5
2e1ddc93-1d0a-4d92-8d7f-19058281a28e,d9789316-14fa-47b2-963b-6f96d95c04cf,691ca1f5-8df5-4df2-9e2e-72b43a1ce679
2e893975-581a-4cd6-ac2a-a7a0f37ac439,524266d8-1e8f-49ce-8f21-eb74cd16d6a7,d46d9bc7-6f41-4640-b122-21d24486d8b5
2e8b1786-9537-4a66-af8f-288166baf199,3ca5fdb2-6796-42d8-a425-37c05cbd2661,674ffc82-44e8-4b66-8ce9-1480a9ef69fd
2f6084fd-1b6a-4b37-84c9-3612218af48e,0cacce4c-39f0-462b-be29-cc399cc38919,691ca1f5-8df5-4df2-9e2e-72b43a1ce679
2f7f8f8b-d118-44fb-bf39-b3e8be684bed,c5f71c49-e966-46c9-b0b4-a5a6a882c0e5,d4ff8b98-c13e-441e-ad01-3b8d28100e1a
2fba4150-be70-4a22-9bf2-5e657e54c57b,4fe6b059-89a5-4d4f-b4ca-e25c8da21913,4e7b9562-e957-4630-8d5d-89388793f561
2fc54387-739d-40d7-b914-ed3681d5c361,e31bc982-a05e-4c55-b5f2-a8e2cebdd0de,274d30f5-98e4-4537-ba17-fa3215cc9020
2fd4f02e-d662-47b0-a20d-a6ade1198d59,d9789316-14fa-47b2-963b-6f96d95c04cf,674ffc82-44e8-4b66-8ce9-1480a9ef69fd
2fdcc4d1-c11e-434e-8a9d-c17647d76894,9a19e12c-c6cb-40cd-a4e7-c7daf4bd2b29,691ca1f5-8df5-4df2-9e2e-72b43a1ce679
30080728-41c3-4d70-8f54-8d139d90e963,3a997d60-2e5c-47d9-a11e-94752124824a,4e7b9562-e957-4630-8d5d-89388793f561
30197981-ffb8-4bef-9e22-269c621839dd,78b00261-2f98-46fe-a140-b3632aa8a8b3,399865b0-582d-4f3c-a752-66923b881a81
30623201-7d49-4c0d-ac6d-32ffede15d0e,79d334a8-db70-4759-87b4-4c6ac67a6ca1,d4ff8b98-c13e-441e-ad01-3b8d28100e1a
30e17e51-08fe-47b2-88ab-ee6c1c8249ec,5396ec56-3d4f-4d6b-a634-1b039eea337f,399865b0-582d-4f3c-a752-66923b881a81
31e8614a-6395-4e80-898d-a91399523dec,5617e71e-bd70-4a82-8c6a-5f6e589dc321,399865b0-582d-4f3c-a752-66923b881a81
31f3cb05-87db-4500-8b4e-ba7fdf72b945,d99437a2-fb4b-4b3a-8ff1-a836bbbce393,399865b0-582d-4f3c-a752-66923b881a81
320532ac-2799-4cb8-b10a-62715473d5e0,dd4eb7f1-1909-4dcf-8df3-bcabe970f1e5,274d30f5-98e4-4537-ba17-fa3215cc9020
3294295d-afd8-463f-86b3-0708145f502e,1e66883a-9846-4384-8793-124a0f5266da,e63e6cfc-060a-41ad-8d2d-f8f8695cc3d8
32d779bb-a92b-4997-b15f-520fe8efe80a,53fad979-5605-496a-9929-1cafd692e2f3,674ffc82-44e8-4b66-8ce9-1480a9ef69fd
33b263a5-5d4a-4b79-834c-c109e8641841,4fe6b059-89a5-4d4f-b4ca-e25c8da21913,e63e6cfc-060a-41ad-8d2d-f8f8695cc3d8
33c13d13-bf42-442a-90c0-411746a7e55e,25180e5b-9888-49c2-be38-0437db88eaf4,691ca1f5-8df5-4df2-9e2e-72b43a1ce679
34418068-66b2-4307-bd28-6d2de2138da8,76042b4a-491a-4868-8995-881d450065ec,274d30f5-98e4-4537-ba17-fa3215cc9020
344aaf0c-6712-4211-b4a3-c965e73a2019,212e3dc5-e42c-478d-8b86-048efc1ee17c,399865b0-582d-4f3c-a752-66923b881a81
356c7a53-eff8-436b-8e50-4695928c8b41,c5f71c49-e966-46c9-b0b4-a5a6a882c0e5,4e7b9562-e957-4630-8d5d-89388793f561
35b26740-a7bd-4542-b16a-b760360148d2,adf5a3c2-be9e-42f0-8f1f-5518f51dd3df,d4ff8b98-c13e-441e-ad01-3b8d28100e1a
35dade91-a22b-4d47-b301-9edf2364def1,f05bba06-a461-4059-9227-dfb890f1e77c,674ffc82-44e8-4b66-8ce9-1480a9ef69fd
36b9347f-52f2-47b7-b9f8-a6213fa44840,0311df4e-f561-4db9-99b6-764a66842e0b,274d30f5-98e4-4537-ba17-fa3215cc9020
37843179-b55e-4076-a3eb-5a95e825e0d7,148be5e9-17a9-476d-9a5a-d0a69b227547,d46d9bc7-6f41-4640-b122-21d24486d8b5
37afdd05-d080-4b5d-a83f-2fec5b1060f8,79d334a8-db70-4759-87b4-4c6ac67a6ca1,d46d9bc7-6f41-4640-b122-21d24486d8b5
37e9d002-1514-4915-b4b1-f8493ed86049,bdf64d95-1631-4859-9993-a6915d046548,d4ff8b98-c13e-441e-ad01-3b8d28100e1a
3909a792-1f37-4568-b9f6-b5e7eef912ac,5617e71e-bd70-4a82-8c6a-5f6e589dc321,e63e6cfc-060a-41ad-8d2d-f8f8695cc3d8
396399d1-5408-4da4-9cc6-f30fbe14bce0,bdf64d95-1631-4859-9993-a6915d046548,274d30f5-98e4-4537-ba17-fa3215cc9020
3a5d1964-ab2f-47e5-acf0-83278047cf25,91b92127-b713-46d8-8ac0-1c39fa3ce4bc,2491a797-6df8-4944-96a3-bd9bbde5258c
3b2b4cb0-962a-492c-9f57-4f2b3c4fda6e,0165f0ca-53e5-4637-8e29-e01f330c49e5,274d30f5-98e4-4537-ba17-fa3215cc9020
3b551f51-9bbd-4237-a581-31a65d552942,6e838593-0bff-4e03-8314-1d39cb7a11ee,274d30f5-98e4-4537-ba17-fa3215cc9020
3c61a145-56ee-459e-afeb-8e77dcc50121,ecd1768c-149c-4c04-9faa-32ad7dcff658,e63e6cfc-060a-41ad-8d2d-f8f8695cc3d8
3d256f10-12bd-490a-892f-4cc22fe93ccd,a11b687e-84f7-4e47-ad0f-3e30894aced8,2491a797-6df8-4944-96a3-bd9bbde5258c
3d2958a9-e4c3-4bf6-bd7c-baafcbf482b9,524266d8-1e8f-49ce-8f21-eb74cd16d6a7,274d30f5-98e4-4537-ba17-fa3215cc9020
3df11256-49d2-4bd2-96e6-6b57989f1675,6f4112d6-3237-45b1-8462-0df000cbcb4d,d4ff8b98-c13e-441e-ad01-3b8d28100e1a
3e070665-fbf4-4744-88a3-8b422963933d,284bbf9c-4732-441c-a594-f232c49fc07a,399865b0-582d-4f3c-a752-66923b881a81
3e35a83e-ad2b-45d8-8c7d-0775c4cdbddf,6bc41437-ad07-4156-9f7d-37683f6b441e,e63e6cfc-060a-41ad-8d2d-f8f8695cc3d8
3e5b6a44-d41f-4ee7-8463-daf4c9780e0a,377a058f-cc32-4377-b7cd-02e651dd58ab,691ca1f5-8df5-4df2-9e2e-72b43a1ce679
3e951d74-fc29-4ed3-8329-dda92aeb2a77,de040631-2f74-48ee-abbb-b1a7ddf52f12,e63e6cfc-060a-41ad-8d2d-f8f8695cc3d8
3ea63e81-3403-4124-86ae-b5f6d5555975,6bc41437-ad07-4156-9f7d-37683f6b441e,27547a61-f3b1-4377-9d02-19ddd866b3ff
3eb91083-c0da-4d70-aa51-8a441d05dfb9,bc99ee59-6bae-44d3-be7d-879119ecfb06,691ca1f5-8df5-4df2-9e2e-72b43a1ce679
3ed805c2-8219-41b8-8de3-4f1a2dee7127,b2c2e36f-d596-4212-999c-bfc8946ead07,2491a797-6df8-4944-96a3-bd9bbde5258c
3ef27e26-2a1a-4e35-b0ab-c72d57c33136,448e616f-a8a6-4643-91e0-e8cbafb86a21,691ca1f5-8df5-4df2-9e2e-72b43a1ce679
3f518c41-8cfc-451a-a5b4-3733af1e28cd,fea92b6e-b248-4771-8ca6-8e6400df56b3,27547a61-f3b1-4377-9d02-19ddd866b3ff
3fb259ca-4da6-4b79-803d-279af3902099,cbce11d7-787f-4bc8-b82c-d2457ecbc351,27547a61-f3b1-4377-9d02-19ddd866b3ff
41fdd4d3-223f-4875-9081-d1021fd5fead,a11b687e-84f7-4e47-ad0f-3e30894aced8,d4ff8b98-c13e-441e-ad01-3b8d28100e1a
42bb71e3-8250-4086-b02c-14d1213a9517,f617c111-ddcb-415b-9bbb-0e34640ff6e6,674ffc82-44e8-4b66-8ce9-1480a9ef69fd
43ae4815-3604-46ce-92cd-f6992cd74d7c,e31bc982-a05e-4c55-b5f2-a8e2cebdd0de,e63e6cfc-060a-41ad-8d2d-f8f8695cc3d8
451681bb-fd4e-4c4b-a6dd-114cdeeb5b60,c98ed1a9-cd26-46bc-988d-ffb2ad25c4d2,27547a61-f3b1-4377-9d02-19ddd866b3ff
458e4fc2-f285-43cf-8145-b7259e0cabc2,04911fe4-65ce-4bbc-9fa7-b94e0ecf5e78,e63e6cfc-060a-41ad-8d2d-f8f8695cc3d8
464feceb-4529-4a48-ae6a-772ef9987f13,e31aaee5-97e7-43ab-b43a-5634c6083e97,d46d9bc7-6f41-4640-b122-21d24486d8b5
478fef89-a323-484c-9f69-2edb77696723,5617e71e-bd70-4a82-8c6a-5f6e589dc321,399865b0-582d-4f3c-a752-66923b881a81
47983ff9-38de-491c-861b-1836a61d7ea5,3c55e14b-e5e1-4613-8349-2aae6a2be8aa,274d30f5-98e4-4537-ba17-fa3215cc9020
47acc1f5-bc23-410f-ad49-f5621a35cad7,3c55e14b-e5e1-4613-8349-2aae6a2be8aa,2491a797-6df8-4944-96a3-bd9bbde5258c
487ebb07-6150-4027-9a5b-883610a16b85,a41e01e1-4fb7-4038-932e-0d649e6496aa,399865b0-582d-4f3c-a752-66923b881a81
48b2657b-e629-4b25-a8fd-98b90f3ff3ac,36ede17c-e170-42c4-a99d-0343db68cf3b,2491a797-6df8-4944-96a3-bd9bbde5258c
495eace7-823c-44de-867a-80d3d3edb147,fea92b6e-b248-4771-8ca6-8e6400df56b3,274d30f5-98e4-4537-ba17-fa3215cc9020
4a2dc747-df01-465e-a9fa-beee2b60b05c,6a5c6754-da09-46f8-9a00-e593bc479f38,27547a61-f3b1-4377-9d02-19ddd866b3ff
4a47e3b8-3d20-4d78-8899-cece5b7f2517,0311df4e-f561-4db9-99b6-764a66842e0b,2491a797-6df8-4944-96a3-bd9bbde5258c
4a6488ba-a38c-48be-ad53-127c021e3ab3,70c7fa26-ee58-45d2-acc7-db6535b72404,d4ff8b98-c13e-441e-ad01-3b8d28100e1a
4b2b22b7-0cc7-44be-8996-c5c5925bee17,70c7fa26-ee58-45d2-acc7-db6535b72404,d46d9bc7-6f41-4640-b122-21d24486d8b5
4b91d98c-a12b-4c5d-a0e8-0bf7b9a40f4a,519a0dfe-c0cb-42f8-bc5e-0ba386cd034b,691ca1f5-8df5-4df2-9e2e-72b43a1ce679
4cea35e6-5f47-4b33-b510-e8240ff141be,3ca5fdb2-6796-42d8-a425-37c05cbd2661,d4ff8b98-c13e-441e-ad01-3b8d28100e1a
4d44226d-c489-4aa6-ba4b-1b0e6b1dd91c,3ca5fdb2-6796-42d8-a425-37c05cbd2661,691ca1f5-8df5-4df2-9e2e-72b43a1ce679
4e092795-6f78-43a3-acf1-824032943e85,44f2814e-56d5-48f0-8a2c-d530db95e8a4,691ca1f5-8df5-4df2-9e2e-72b43a1ce679
4e51339c-72a2-4969-b042-5cfcbdf8324c,524266d8-1e8f-49ce-8f21-eb74cd16d6a7,e63e6cfc-060a-41ad-8d2d-f8f8695cc3d8
4eb55810-6fcb-4e1f-a9ad-9f9ab370bf8e,178c791e-1a6a-42fb-87ba-1b9a0145350e,674ffc82-44e8-4b66-8ce9-1480a9ef69fd
4ed23da6-64a1-4adc-b5c8-7621fb69837f,79d334a8-db70-4759-87b4-4c6ac67a6ca1,27547a61-f3b1-4377-9d02-19ddd866b3ff
4f9bccb3-ae61-489b-b1d2-38a67bbb6354,515e5c96-51c8-4226-a490-795996321da4,e63e6cfc-060a-41ad-8d2d-f8f8695cc3d8
50305d36-8c24-4074-85dd-9d361988c45a,a4c77b5d-d638-49a1-a01c-b11248ada5e6,27547a61-f3b1-4377-9d02-19ddd866b3ff
509f8a73-ede2-44db-ba50-009d5f7c14d7,fea92b6e-b248-4771-8ca6-8e6400df56b3,2491a797-6df8-4944-96a3-bd9bbde5258c
50be8ac6-28a9-4b9d-a2c3-7db15133ba93,377a058f-cc32-4377-b7cd-02e651dd58ab,2491a797-6df8-4944-96a3-bd9bbde5258c
50ff4dac-ae53-49cb-ad92-a70430692098,c198b4d3-8f80-4d6f-bdfa-5d1901d08136,674ffc82-44e8-4b66-8ce9-1480a9ef69fd
517c33e9-9a1c-4187-b6f3-71e9d4b63080,c198b4d3-8f80-4d6f-bdfa-5d1901d08136,399865b0-582d-4f3c-a752-66923b881a81
517f3af9-6bca-4e66-8e60-5f29abea8f7b,74a0afd4-085e-40fa-924a-ffef9af48f88,274d30f5-98e4-4537-ba17-fa3215cc9020
52b8a4e6-0314-42f6-b110-99cf55812e07,adf5a3c2-be9e-42f0-8f1f-5518f51dd3df,2491a797-6df8-4944-96a3-bd9bbde5258c
5380f812-fc16-4ecd-9f16-abc7c5eb7cf6,25180e5b-9888-49c2-be38-0437db88eaf4,d4ff8b98-c13e-441e-ad01-3b8d28100e1a
53b033dd-6750-4b59-8ee8-c98f18a0340e,5c35d608-fe8c-4d4c-b27d-dbbdd016173c,d46d9bc7-6f41-4640-b122-21d24486d8b5
53b9d938-f662-4790-99bc-2647f93efb2e,25180e5b-9888-49c2-be38-0437db88eaf4,691ca1f5-8df5-4df2-9e2e-72b43a1ce679
5419e15b-fb26-41f9-81d9-308e67e361d3,284bbf9c-4732-441c-a594-f232c49fc07a,691ca1f5-8df5-4df2-9e2e-72b43a1ce679
54261758-b6f4-441c-a8fd-31f1d40a32ed,6a5c6754-da09-46f8-9a00-e593bc479f38,d46d9bc7-6f41-4640-b122-21d24486d8b5
54a70cf4-cb4a-4968-b1df-9e34e525bd7f,25180e5b-9888-49c2-be38-0437db88eaf4,674ffc82-44e8-4b66-8ce9-1480a9ef69fd
54e1bc4c-ca24-4dca-9b54-02e844c3750d,a11b687e-84f7-4e47-ad0f-3e30894aced8,27547a61-f3b1-4377-9d02-19ddd866b3ff
5575c1ce-ced3-42c0-bc69-17ae1f07fca5,bdf64d95-1631-4859-9993-a6915d046548,2491a797-6df8-4944-96a3-bd9bbde5258c
55fc0683-c864-47d4-894a-cef87c7bf6d8,e31aaee5-97e7-43ab-b43a-5634c6083e97,e63e6cfc-060a-41ad-8d2d-f8f8695cc3d8
56282a7f-479c-4a68-b978-4689414dc357,53fad979-5605-496a-9929-1cafd692e2f3,691ca1f5-8df5-4df2-9e2e-72b43a1ce679
565c18ec-b7ad-4216-9635-62d569fddb33,79d334a8-db70-4759-87b4-4c6ac67a6ca1,674ffc82-44e8-4b66-8ce9-1480a9ef69fd
57e1b404-d837-48d3-aefa-0941f854ee31,1d960512-116a-4211-8808-d1a6f6e3dadc,274d30f5-98e4-4537-ba17-fa3215cc9020
589beb2c-da61-42b9-b573-ac899a3f68b4,020276b7-fafe-4326-b9ac-6d79b4c37e4f,691ca1f5-8df5-4df2-9e2e-72b43a1ce679
5b4c0a75-f2f9-4d5e-8edc-93088f45b4c0,69b8dd12-a6c8-4c03-83a7-4a56e178fd29,2491a797-6df8-4944-96a3-bd9bbde5258c
5d4c9f2b-79d0-483e-bad4-c6f5a46fe623,437094ec-0349-4a18-adc6-d1a4c594b467,d46d9bc7-6f41-4640-b122-21d24486d8b5
5d50fd3d-f0c6-4893-990b-8304b4190302,91b92127-b713-46d8-8ac0-1c39fa3ce4bc,2491a797-6df8-4944-96a3-bd9bbde5258c
5d89cd27-d94c-4bad-905c-3acd2eb40a45,69b8dd12-a6c8-4c03-83a7-4a56e178fd29,27547a61-f3b1-4377-9d02-19ddd866b3ff
6042777d-8397-4736-b8d5-fe4ace0ac66b,73d1a5d9-b23d-4db6-80d1-9045b84ef975,d46d9bc7-6f41-4640-b122-21d24486d8b5
61919646-7ca5-4685-ac5d-c0c0e886a104,0311df4e-f561-4db9-99b6-764a66842e0b,674ffc82-44e8-4b66-8ce9-1480a9ef69fd
61946859-2aec-4fb6-8a02-54700d97fa51,5a7cfe69-d346-4dfd-9c72-bf7a7229a3c7,2491a797-6df8-4944-96a3-bd9bbde5258c
61e1db04-c39a-4f88-8bba-d2468f840ca0,6bc41437-ad07-4156-9f7d-37683f6b441e,4e7b9562-e957-4630-8d5d-89388793f561
620c95f2-d692-4c6c-9b0e-cadd280c9f30,69b8dd12-a6c8-4c03-83a7-4a56e178fd29,27547a61-f3b1-4377-9d02-19ddd866b3ff
6307262e-2ebb-413a-baf6-452ea4766f89,bc99ee59-6bae-44d3-be7d-879119ecfb06,274d30f5-98e4-4537-ba17-fa3215cc9020
636899d9-8ba9-4928-b183-d12bc2449f49,d0f47cec-1075-4c8f-8eee-b0761d857726,d4ff8b98-c13e-441e-ad01-3b8d28100e1a
63693134-e11e-42e2-8fc4-4f02984fdd46,ba8acce4-b029-4e45-b047-72045d90e2a0,691ca1f5-8df5-4df2-9e2e-72b43a1ce679
653102e7-594b-4b6d-94d0-8fa00c3fba86,f05bba06-a461-4059-9227-dfb890f1e77c,e63e6cfc-060a-41ad-8d2d-f8f8695cc3d8
662173ac-6ea1-4773-8a39-f0abb852252a,178c791e-1a6a-42fb-87ba-1b9a0145350e,674ffc82-44e8-4b66-8ce9-1480a9ef69fd
666e17bd-273e-4309-9683-f62506a4d9b5,6f4112d6-3237-45b1-8462-0df000cbcb4d,674ffc82-44e8-4b66-8ce9-1480a9ef69fd
66d2b266-4ae1-4c4b-ae9b-89dbfe763135,437094ec-0349-4a18-adc6-d1a4c594b467,674ffc82-44e8-4b66-8ce9-1480a9ef69fd
691b63c5-5bae-4534-8836-a65d963b6c98,437094ec-0349-4a18-adc6-d1a4c594b467,274d30f5-98e4-4537-ba17-fa3215cc9020
69999e2d-b95f-4be9-a61e-aa9fc14e4f21,148be5e9-17a9-476d-9a5a-d0a69b227547,2491a797-6df8-4944-96a3-bd9bbde5258c
6a131d47-7f69-449d-ba7d-082357375d08,3ca5fdb2-6796-42d8-a425-37c05cbd2661,4e7b9562-e957-4630-8d5d-89388793f561
6a8526af-bc82-43a6-91b0-469ed2126664,f05bba06-a461-4059-9227-dfb890f1e77c,2491a797-6df8-4944-96a3-bd9bbde5258c
6c20262e-ecb9-4493-bbbf-3a7034fa0ca7,4fe6b059-89a5-4d4f-b4ca-e25c8da21913,691ca1f5-8df5-4df2-9e2e-72b43a1ce679
6d0285eb-e5a5-4faf-905c-ebe3bba195d4,12059e6c-4cef-4916-9f2a-0123de76c296,2491a797-6df8-4944-96a3-bd9bbde5258c
6e45eebd-e668-494f-a860-7e85a4e704c2,7d347500-296c-4642-8f09-e0999c27b921,27547a61-f3b1-4377-9d02-19ddd866b3ff
6e9d0e8d-af36-469f-904c-b8b190028dfd,5396ec56-3d4f-4d6b-a634-1b039eea337f,274d30f5-98e4-4537-ba17-fa3215cc9020
6ea032e0-5078-47ef-9ff6-a68b2cf858dc,d99437a2-fb4b-4b3a-8ff1-a836bbbce393,691ca1f5-8df5-4df2-9e2e-72b43a1ce679
6eced611-32d5-4124-939a-5f2922420680,966c1541-a5bf-44bf-9f7a-cc44353c03ce,27547a61-f3b1-4377-9d02-19ddd866b3ff
6fcbb3d8-b93c-4200-8663-9d6fa21c12a6,6e838593-0bff-4e03-8314-1d39cb7a11ee,d4ff8b98-c13e-441e-ad01-3b8d28100e1a
7066b98e-ed1b-4b10-980d-390de4bae38e,91b4d6e1-711d-4ab9-92da-cb597962a695,399865b0-582d-4f3c-a752-66923b881a81
7169d843-26b8-4296-8e3a-a93571c47410,a4c77b5d-d638-49a1-a01c-b11248ada5e6,691ca1f5-8df5-4df2-9e2e-72b43a1ce679
718ef592-efe7-4679-97ff-536f4ee894bd,377a058f-cc32-4377-b7cd-02e651dd58ab,d4ff8b98-c13e-441e-ad01-3b8d28100e1a
71cfdd21-420b-45fd-b9ae-c5a0bb5fe851,377a058f-cc32-4377-b7cd-02e651dd58ab,d46d9bc7-6f41-4640-b122-21d24486d8b5
730a6c35-4ca1-4cae-aa7a-c7c6f0363ad9,69b8dd12-a6c8-4c03-83a7-4a56e178fd29,27547a61-f3b1-4377-9d02-19ddd866b3ff
736d3f45-9236-4b26-a41c-d733fff959be,adf5a3c2-be9e-42f0-8f1f-5518f51dd3df,d46d9bc7-6f41-4640-b122-21d24486d8b5
73e2d50c-6213-430d-b343-8f438a989871,a41e01e1-4fb7-4038-932e-0d649e6496aa,274d30f5-98e4-4537-ba17-fa3215cc9020
7463de9c-4950-4df1-9f21-b1b42777c1a5,9fb8e846-6853-424b-b223-3301abb86f6c,d46d9bc7-6f41-4640-b122-21d24486d8b5
74a6e89f-761b-498b-94e2-638722f2d9a3,c98ed1a9-cd26-46bc-988d-ffb2ad25c4d2,399865b0-582d-4f3c-a752-66923b881a81
74cd21a0-d379-4312-98bf-cbd85ddc7941,5a7cfe69-d346-4dfd-9c72-bf7a7229a3c7,274d30f5-98e4-4537-ba17-fa3215cc9020
75935d09-8e54-4b7e-8f1c-c4492635708f,53fad979-5605-496a-9929-1cafd692e2f3,674ffc82-44e8-4b66-8ce9-1480a9ef69fd
759fb25b-bd73-40fe-914c-e90d8a86f513,c198b4d3-8f80-4d6f-bdfa-5d1901d08136,399865b0-582d-4f3c-a752-66923b881a81
7608ca44-8f0d-48db-bf30-47551b637483,74a0afd4-085e-40fa-924a-ffef9af48f88,d4ff8b98-c13e-441e-ad01-3b8d28100e1a
76ba9dd5-0630-4512-a837-0260b901580e,73d1a5d9-b23d-4db6-80d1-9045b84ef975,691ca1f5-8df5-4df2-9e2e-72b43a1ce679
77639682-a64f-49d4-b613-1fde398ee87a,d9789316-14fa-47b2-963b-6f96d95c04cf,d4ff8b98-c13e-441e-ad01-3b8d28100e1a
776adc85-e508-47b8-bc4b-6bf46d5d3038,020276b7-fafe-4326-b9ac-6d79b4c37e4f,399865b0-582d-4f3c-a752-66923b881a81
77cbe4a3-8ccb-4f52-ab75-5abf87e5e086,adf5a3c2-be9e-42f0-8f1f-5518f51dd3df,691ca1f5-8df5-4df2-9e2e-72b43a1ce679
79eb3634-9bd5-4950-b1c2-a265e7d79166,a41e01e1-4fb7-4038-932e-0d649e6496aa,4e7b9562-e957-4630-8d5d-89388793f561
7a20b37e-224c-455a-88b7-1f2129bb7fd8,6f4112d6-3237-45b1-8462-0df000cbcb4d,691ca1f5-8df5-4df2-9e2e-72b43a1ce679
7b72bc11-03df-476b-af21-d6ba99ef8037,78b00261-2f98-46fe-a140-b3632aa8a8b3,399865b0-582d-4f3c-a752-66923b881a81
7b9350a4-6940-4128-9910-d225402f5a01,019adb9b-5729-471d-a3f7-2996de28451b,2491a797-6df8-4944-96a3-bd9bbde5258c
7d4ef07c-0cf4-4690-81e1-2795df1a1436,c98ed1a9-cd26-46bc-988d-ffb2ad25c4d2,691ca1f5-8df5-4df2-9e2e-72b43a1ce679
7eb2a8cb-86d3-4840-b1a4-1fc40c67f028,73d1a5d9-b23d-4db6-80d1-9045b84ef975,d46d9bc7-6f41-4640-b122-21d24486d8b5
7ed34633-6296-4430-81f5-2156eaffbc71,a74f5d0b-2618-4450-950e-ba5af558378e,399865b0-582d-4f3c-a752-66923b881a81
7f11fa23-4d73-4645-b34d-96a5125c537e,9a19e12c-c6cb-40cd-a4e7-c7daf4bd2b29,27547a61-f3b1-4377-9d02-19ddd866b3ff
7f2445a1-5449-4ff6-b638-6f633e98b67d,e31aaee5-97e7-43ab-b43a-5634c6083e97,d4ff8b98-c13e-441e-ad01-3b8d28100e1a
7f9586ad-fa49-4906-abb6-a63cbf80971f,de040631-2f74-48ee-abbb-b1a7ddf52f12,2491a797-6df8-4944-96a3-bd9bbde5258c
7fa227b0-132f-4d1a-913a-44f86e96aa34,88a59e63-0405-4c40-b172-c188956e07ea,d4ff8b98-c13e-441e-ad01-3b8d28100e1a
7fc741d8-21d5-4a90-b079-645e979b20d5,04911fe4-65ce-4bbc-9fa7-b94e0ecf5e78,691ca1f5-8df5-4df2-9e2e-72b43a1ce679
803ff88c-5178-4fb9-9468-40a4f315fd57,74a0afd4-085e-40fa-924a-ffef9af48f88,d46d9bc7-6f41-4640-b122-21d24486d8b5
809e6e14-2701-4f93-8cd0-ebfd158589f3,adf5a3c2-be9e-42f0-8f1f-5518f51dd3df,d4ff8b98-c13e-441e-ad01-3b8d28100e1a
81202235-9b64-44ba-b379-b2e39c077493,04911fe4-65ce-4bbc-9fa7-b94e0ecf5e78,399865b0-582d-4f3c-a752-66923b881a81
820ec250-c9f3-4d17-9ece-991daf9f137b,c62fbd34-f95f-4294-9a8c-ef2c2d2029e7,4e7b9562-e957-4630-8d5d-89388793f561
831261aa-c0bd-4b10-9049-6277dbf3a9fe,f617c111-ddcb-415b-9bbb-0e34640ff6e6,d4ff8b98-c13e-441e-ad01-3b8d28100e1a
835bde52-3787-4d8d-868a-64df3fd8e9be,aab34b56-7db3-48ff-8194-e7574620e937,691ca1f5-8df5-4df2-9e2e-72b43a1ce679
83bcff11-73e3-422a-aca3-28503b9a7b00,966c1541-a5bf-44bf-9f7a-cc44353c03ce,27547a61-f3b1-4377-9d02-19ddd866b3ff
84bc5591-86f3-4b98-ac30-59dce4289fd1,3a997d60-2e5c-47d9-a11e-94752124824a,e63e6cfc-060a-41ad-8d2d-f8f8695cc3d8
84e370b8-d2f1-4034-94e7-c9800cadae08,c198b4d3-8f80-4d6f-bdfa-5d1901d08136,399865b0-582d-4f3c-a752-66923b881a81
85b3a8f6-953b-4200-8aa7-bde22b112063,a11b687e-84f7-4e47-ad0f-3e30894aced8,4e7b9562-e957-4630-8d5d-89388793f561
8635aee6-7f08-4cba-a03d-fe4adf5a1c4c,74a0afd4-085e-40fa-924a-ffef9af48f88,674ffc82-44e8-4b66-8ce9-1480a9ef69fd
863e2dee-47ba-4422-8957-f0ee578dcb2c,97017130-d968-4076-ac3d-9b95c1b58676,4e7b9562-e957-4630-8d5d-89388793f561
8667c248-f679-4ed6-be5e-1e5ffe101d77,377a058f-cc32-4377-b7cd-02e651dd58ab,4e7b9562-e957-4630-8d5d-89388793f561
867018b0-8a83-4389-9a54-8aaf877918c6,a11b687e-84f7-4e47-ad0f-3e30894aced8,4e7b9562-e957-4630-8d5d-89388793f561
86960307-1e08-406b-a40e-be0924989f85,6bc41437-ad07-4156-9f7d-37683f6b441e,691ca1f5-8df5-4df2-9e2e-72b43a1ce679
86a56944-23c3-4390-8871-0d030bce1308,74a0afd4-085e-40fa-924a-ffef9af48f88,399865b0-582d-4f3c-a752-66923b881a81
86d138e6-cb91-4f70-95e6-9fe833004ce4,e3345631-97e8-4efb-af14-9ebfa5a9f833,e63e6cfc-060a-41ad-8d2d-f8f8695cc3d8
86edc255-1575-40cc-9173-5a1c7adbc638,70c7fa26-ee58-45d2-acc7-db6535b72404,4e7b9562-e957-4630-8d5d-89388793f561
8789d18d-f2b8-4864-9454-1bce072311fe,0d88f504-821b-401d-96e1-c9c43577381f,27547a61-f3b1-4377-9d02-19ddd866b3ff
87e41d33-82c1-467c-9f41-5b13f9592b53,79d334a8-db70-4759-87b4-4c6ac67a6ca1,399865b0-582d-4f3c-a752-66923b881a81
87ed3d95-f00a-428e-a04a-6880dd61bae3,88a59e63-0405-4c40-b172-c188956e07ea,e63e6cfc-060a-41ad-8d2d-f8f8695cc3d8
87f4b2dd-e6c6-4beb-bc76-ea477f750ac0,cc267e9d-3289-4a34-b197-49cf9ed68a4b,674ffc82-44e8-4b66-8ce9-1480a9ef69fd
881f3153-14c0-48cb-9269-791009e5f417,88a59e63-0405-4c40-b172-c188956e07ea,274d30f5-98e4-4537-ba17-fa3215cc9020
883ba28b-66a6-4541-aebb-fe81abd5bc13,6a3c820f-a6c8-417d-b1eb-3a91fd5465f1,274d30f5-98e4-4537-ba17-fa3215cc9020
89159e88-50fd-48cc-8bda-9edb6eacd352,79d334a8-db70-4759-87b4-4c6ac67a6ca1,274d30f5-98e4-4537-ba17-fa3215cc9020
8998abaa-15f3-49cd-85fb-2d948d53dcd3,fe236505-219f-459f-89fa-b8d6c3cdfd6b,674ffc82-44e8-4b66-8ce9-1480a9ef69fd
899a8687-1732-4e7f-9f76-26ac01b5065b,97017130-d968-4076-ac3d-9b95c1b58676,674ffc82-44e8-4b66-8ce9-1480a9ef69fd
8a81bc26-7b22-4be3-97bd-e9f7d745b43e,dd4eb7f1-1909-4dcf-8df3-bcabe970f1e5,691ca1f5-8df5-4df2-9e2e-72b43a1ce679
8ad1bb8f-073e-4d9e-b129-62803d2acbe1,a11b687e-84f7-4e47-ad0f-3e30894aced8,e63e6cfc-060a-41ad-8d2d-f8f8695cc3d8
8b4aa528-cbdf-4f4b-b89a-22e5cb80b0c2,76042b4a-491a-4868-8995-881d450065ec,d4ff8b98-c13e-441e-ad01-3b8d28100e1a
8bfe450c-a4d7-4978-9166-b7acd9bd9c70,f617c111-ddcb-415b-9bbb-0e34640ff6e6,274d30f5-98e4-4537-ba17-fa3215cc9020
8c097f6f-4342-4eb6-9f87-f5aa14ac17ea,f617c111-ddcb-415b-9bbb-0e34640ff6e6,4e7b9562-e957-4630-8d5d-89388793f561
8c2221b4-9479-4337-afa0-793be02588b0,515e5c96-51c8-4226-a490-795996321da4,674ffc82-44e8-4b66-8ce9-1480a9ef69fd
8cdf173d-dddd-4e7f-8ca9-69177a4fb0c9,591d8ae5-4f66-4476-82d8-c3cb2d367547,4e7b9562-e957-4630-8d5d-89388793f561
8d61dbd1-94e8-4011-8405-96dd3457a27e,88a59e63-0405-4c40-b172-c188956e07ea,d4ff8b98-c13e-441e-ad01-3b8d28100e1a
8dba5739-1744-4fbb-9d78-ea9c378bd5f0,1e66883a-9846-4384-8793-124a0f5266da,2491a797-6df8-4944-96a3-bd9bbde5258c
8dedf76c-86e3-48a8-b318-6a8e5ce99935,284bbf9c-4732-441c-a594-f232c49fc07a,4e7b9562-e957-4630-8d5d-89388793f561
8e64728e-03ea-40f9-be7f-6b83c6fc8ca4,53fad979-5605-496a-9929-1cafd692e2f3,4e7b9562-e957-4630-8d5d-89388793f561
8f63d145-0505-43ee-af8c-fbaf069e89d2,97017130-d968-4076-ac3d-9b95c1b58676,2491a797-6df8-4944-96a3-bd9bbde5258c
8fd92c51-adf4-4270-bd3b-d565631e9003,e31aaee5-97e7-43ab-b43a-5634c6083e97,27547a61-f3b1-4377-9d02-19ddd866b3ff
8fe6fb91-8772-46a0-80cb-fb93dbdad37f,d0f47cec-1075-4c8f-8eee-b0761d857726,674ffc82-44e8-4b66-8ce9-1480a9ef69fd
903c565f-cf98-4396-a9fd-e57d3c64131d,591d8ae5-4f66-4476-82d8-c3cb2d367547,2491a797-6df8-4944-96a3-bd9bbde5258c
90935734-15c6-49d0-a7be-17f988e1bd67,1d960512-116a-4211-8808-d1a6f6e3dadc,274d30f5-98e4-4537-ba17-fa3215cc9020
90c53a36-904f-46e4-b9a8-5f0ad896da7d,fea92b6e-b248-4771-8ca6-8e6400df56b3,674ffc82-44e8-4b66-8ce9-1480a9ef69fd
919ad1b8-3498-4ec2-b485-d6477dbe38ea,212e3dc5-e42c-478d-8b86-048efc1ee17c,274d30f5-98e4-4537-ba17-fa3215cc9020
92343772-2d31-42cb-9b1b-db474bef1463,3c5e3de4-41dd-446b-ab35-ee308241ea2b,e63e6cfc-060a-41ad-8d2d-f8f8695cc3d8
924561a1-2246-4caa-90fd-144373417950,a9227e33-7c4e-42f1-a79c-e39c8dec944b,27547a61-f3b1-4377-9d02-19ddd866b3ff
928fd8ac-aaa4-41a2-9a0a-1debcf49b153,9d30b528-1f30-44b0-af2f-eb9261cd9b60,399865b0-582d-4f3c-a752-66923b881a81
9314f024-4c53-4b94-9239-6334be9173de,bea71243-fc52-45fa-8c08-70f5c5e6d06f,399865b0-582d-4f3c-a752-66923b881a81
932c8437-5833-4544-af50-cffc68080745,178c791e-1a6a-42fb-87ba-1b9a0145350e,4e7b9562-e957-4630-8d5d-89388793f561
93e2b655-2c49-4345-9460-218e58940681,fe236505-219f-459f-89fa-b8d6c3cdfd6b,691ca1f5-8df5-4df2-9e2e-72b43a1ce679
94885b09-ddff-4250-9e4a-77c1c0c49f8a,0887069a-aa53-4246-8837-cc51371808d1,674ffc82-44e8-4b66-8ce9-1480a9ef69fd
95233ca1-3b80-4360-8052-692b9b5a5350,3c5e3de4-41dd-446b-ab35-ee308241ea2b,d46d9bc7-6f41-4640-b122-21d24486d8b5
95f79e46-9bf4-4dc2-8d84-25502f9c0c65,284bbf9c-4732-441c-a594-f232c49fc07a,2491a797-6df8-4944-96a3-bd9bbde5258c
96896271-5b1d-4fc6-bc9d-e8e7face0591,cbce11d7-787f-4bc8-b82c-d2457ecbc351,399865b0-582d-4f3c-a752-66923b881a81
9798a541-8043-4da2-bbcd-e5069bb080a8,c674b684-9c15-4244-be68-3140b719e1b9,674ffc82-44e8-4b66-8ce9-1480a9ef69fd
97a10083-808a-4718-97f7-c825b27212be,1e66883a-9846-4384-8793-124a0f5266da,e63e6cfc-060a-41ad-8d2d-f8f8695cc3d8
97ddb003-a60c-4950-a2c6-3605076cc043,178c791e-1a6a-42fb-87ba-1b9a0145350e,674ffc82-44e8-4b66-8ce9-1480a9ef69fd
97e5e635-c104-436b-94d9-8a2d8afc898a,c674b684-9c15-4244-be68-3140b719e1b9,d46d9bc7-6f41-4640-b122-21d24486d8b5
981a7ada-8636-4c4d-abb1-5464f679d6a4,448e616f-a8a6-4643-91e0-e8cbafb86a21,d46d9bc7-6f41-4640-b122-21d24486d8b5
98be099c-5e64-41c0-b224-8d6e5e23798d,519a0dfe-c0cb-42f8-bc5e-0ba386cd034b,274d30f5-98e4-4537-ba17-fa3215cc9020
999c2f0c-3f53-480a-bf64-b18596153766,adf5a3c2-be9e-42f0-8f1f-5518f51dd3df,399865b0-582d-4f3c-a752-66923b881a81
99d9cc0e-bb60-4fe8-ab2d-fcbd28602bc1,9fb8e846-6853-424b-b223-3301abb86f6c,674ffc82-44e8-4b66-8ce9-1480a9ef69fd
9a25c856-0b20-4f30-9fb9-552c994b7fcf,0311df4e-f561-4db9-99b6-764a66842e0b,399865b0-582d-4f3c-a752-66923b881a81
9ab0728b-58dc-4e03-b11c-f49af72827b0,ba8acce4-b029-4e45-b047-72045d90e2a0,2491a797-6df8-4944-96a3-bd9bbde5258c
9abe0f92-ce0b-4456-97f0-d879867a8850,1e66883a-9846-4384-8793-124a0f5266da,d4ff8b98-c13e-441e-ad01-3b8d28100e1a
9b27ee82-f07e-4c9d-a9c5-73f602b2b965,c198b4d3-8f80-4d6f-bdfa-5d1901d08136,399865b0-582d-4f3c-a752-66923b881a81
9b452504-5bc5-4d17-be5d-e0ffef01367a,8aa0e43d-955f-4137-a2e6-efa77dc3cc5d,4e7b9562-e957-4630-8d5d-89388793f561
9b6028be-a2c9-4dd8-9920-698a75b1777a,de040631-2f74-48ee-abbb-b1a7ddf52f12,4e7b9562-e957-4630-8d5d-89388793f561
9c0000df-07a8-45f4-8fa2-a01c2d471cae,b2c2e36f-d596-4212-999c-bfc8946ead07,674ffc82-44e8-4b66-8ce9-1480a9ef69fd
9c73d903-e8ac-424c-aa0e-e373dd8092bf,44f2814e-56d5-48f0-8a2c-d530db95e8a4,27547a61-f3b1-4377-9d02-19ddd866b3ff
9c8218c0-d3ed-4eb6-bab8-29a1a452df2f,519a0dfe-c0cb-42f8-bc5e-0ba386cd034b,e63e6cfc-060a-41ad-8d2d-f8f8695cc3d8
9ccf16e0-a62d-4fed-aa6b-8e1c296d7a8f,c98ed1a9-cd26-46bc-988d-ffb2ad25c4d2,2491a797-6df8-4944-96a3-bd9bbde5258c
9cf4d24f-ee94-413c-9a75-e7b2ec6cd926,6a3c820f-a6c8-417d-b1eb-3a91fd5465f1,674ffc82-44e8-4b66-8ce9-1480a9ef69fd
9dca8b67-da48-4b90-b994-5f75372da8ce,966c1541-a5bf-44bf-9f7a-cc44353c03ce,4e7b9562-e957-4630-8d5d-89388793f561
9de6d47b-53f9-4f25-9ef7-d80f1ce49600,44f2814e-56d5-48f0-8a2c-d530db95e8a4,274d30f5-98e4-4537-ba17-fa3215cc9020
9eba3473-b676-4313-a03c-c5ee66f36244,44f2814e-56d5-48f0-8a2c-d530db95e8a4,691ca1f5-8df5-4df2-9e2e-72b43a1ce679
9f2fc900-90f3-42d4-8c3e-a1aafe302a0b,020276b7-fafe-4326-b9ac-6d79b4c37e4f,4e7b9562-e957-4630-8d5d-89388793f561
9f406a3d-ea3c-4da1-b388-41aaac69ae89,a74f5d0b-2618-4450-950e-ba5af558378e,4e7b9562-e957-4630-8d5d-89388793f561
a03a5e35-393e-45f1-8389-29a2305dcd46,36ede17c-e170-42c4-a99d-0343db68cf3b,d4ff8b98-c13e-441e-ad01-3b8d28100e1a
a0e0df94-c3e0-4d95-8200-41c114107d86,2c1607ec-a1c7-4fae-b181-e05a70592ae2,d46d9bc7-6f41-4640-b122-21d24486d8b5
a0eece91-00b1-4b80-9e9f-69aefdea1b11,0d88f504-821b-401d-96e1-c9c43577381f,27547a61-f3b1-4377-9d02-19ddd866b3ff
a123fdab-3062-424d-a114-6d63fd2a6dea,bc99ee59-6bae-44d3-be7d-879119ecfb06,4e7b9562-e957-4630-8d5d-89388793f561
a1394cba-4584-4990-b355-8d30521255b3,3c55e14b-e5e1-4613-8349-2aae6a2be8aa,d4ff8b98-c13e-441e-ad01-3b8d28100e1a
a14acaf5-7c71-4123-8a58-71894dffa4f8,6f4112d6-3237-45b1-8462-0df000cbcb4d,27547a61-f3b1-4377-9d02-19ddd866b3ff
a15d9296-a79d-4bf0-b41d-472b0ad1a994,2c1607ec-a1c7-4fae-b181-e05a70592ae2,27547a61-f3b1-4377-9d02-19ddd866b3ff
a1f3b6ae-3ae8-4d2b-9163-44e6b5098e26,c5f71c49-e966-46c9-b0b4-a5a6a882c0e5,674ffc82-44e8-4b66-8ce9-1480a9ef69fd
a264a0e0-4d28-40a2-abfe-0848831df11c,efd70f03-565c-4e0e-a114-80dfa5fa2b29,d46d9bc7-6f41-4640-b122-21d24486d8b5
a3571687-a71f-48ae-b47c-78672d36cf10,d0f47cec-1075-4c8f-8eee-b0761d857726,674ffc82-44e8-4b66-8ce9-1480a9ef69fd
a4f4dd6a-2df5-4b5e-8723-5aaee0f5bea3,ea2e072b-df6c-4e28-8a91-30a5206c1187,2491a797-6df8-4944-96a3-bd9bbde5258c
a5071f0c-9c7a-42a3-82ac-863cb52af4d0,97017130-d968-4076-ac3d-9b95c1b58676,674ffc82-44e8-4b66-8ce9-1480a9ef69fd
a590cb14-cae3-41ee-89c5-26dc353b50ae,178c791e-1a6a-42fb-87ba-1b9a0145350e,4e7b9562-e957-4630-8d5d-89388793f561
a702fefa-92ff-474e-99b7-50d6aa2f95d9,04911fe4-65ce-4bbc-9fa7-b94e0ecf5e78,674ffc82-44e8-4b66-8ce9-1480a9ef69fd
a76f4358-9dda-434e-ba8b-651a5c8a321c,f05bba06-a461-4059-9227-dfb890f1e77c,d4ff8b98-c13e-441e-ad01-3b8d28100e1a
a8c52aa1-06fc-4653-ac51-f7e7f6d0e80f,6bc41437-ad07-4156-9f7d-37683f6b441e,2491a797-6df8-4944-96a3-bd9bbde5258c
a9c222c3-03be-4b30-a75a-3939972c255b,b2cfa4a2-f89c-4313-bba0-c27c0a7d5eaa,691ca1f5-8df5-4df2-9e2e-72b43a1ce679
a9d8adcc-8044-40a7-a45f-a6d02ca543ea,1e66883a-9846-4384-8793-124a0f5266da,399865b0-582d-4f3c-a752-66923b881a81
a9faf908-fd53-4f80-94c2-270f05a90eda,ecd1768c-149c-4c04-9faa-32ad7dcff658,d4ff8b98-c13e-441e-ad01-3b8d28100e1a
aa995442-c86c-4b54-8a31-8c5669458a5c,6a3c820f-a6c8-417d-b1eb-3a91fd5465f1,399865b0-582d-4f3c-a752-66923b881a81
aab5be25-c1b1-4b17-a189-a2b2e3c64a0a,515e5c96-51c8-4226-a490-795996321da4,674ffc82-44e8-4b66-8ce9-1480a9ef69fd
ab6d3fca-c061-4ec7-aff3-242e695767c8,fea92b6e-b248-4771-8ca6-8e6400df56b3,d46d9bc7-6f41-4640-b122-21d24486d8b5
abad0a4e-46c8-4190-8402-98d2ccd4e29c,c198b4d3-8f80-4d6f-bdfa-5d1901d08136,674ffc82-44e8-4b66-8ce9-1480a9ef69fd
abb5e836-f852-4acc-a0b6-0169616ee795,bea71243-fc52-45fa-8c08-70f5c5e6d06f,d46d9bc7-6f41-4640-b122-21d24486d8b5
ad17e912-9a5f-4294-a100-c5801db066a3,9a19e12c-c6cb-40cd-a4e7-c7daf4bd2b29,399865b0-582d-4f3c-a752-66923b881a81
ae6ca776-a47e-44c3-a015-b29632d4c153,524266d8-1e8f-49ce-8f21-eb74cd16d6a7,674ffc82-44e8-4b66-8ce9-1480a9ef69fd
aea91e37-9a76-4e8e-bba1-4625e2bc77e8,d9789316-14fa-47b2-963b-6f96d95c04cf,e63e6cfc-060a-41ad-8d2d-f8f8695cc3d8
af75bc54-fcc0-4d5f-b1ae-647c99aa1c51,78b00261-2f98-46fe-a140-b3632aa8a8b3,27547a61-f3b1-4377-9d02-19ddd866b3ff
afdf69c3-2f40-4c0c-bca0-8754a0bd441c,3c5e3de4-41dd-446b-ab35-ee308241ea2b,399865b0-582d-4f3c-a752-66923b881a81
b0d7cc0c-cb6a-4afd-be4e-bcd145a4c89f,020276b7-fafe-4326-b9ac-6d79b4c37e4f,674ffc82-44e8-4b66-8ce9-1480a9ef69fd
b2240c3b-939f-4ea9-8c3e-0bacaf5306c8,a11b687e-84f7-4e47-ad0f-3e30894aced8,274d30f5-98e4-4537-ba17-fa3215cc9020
b2243f28-a882-458c-a89f-11e7c38cbac4,91b4d6e1-711d-4ab9-92da-cb597962a695,399865b0-582d-4f3c-a752-66923b881a81
b238f602-c637-40ef-bf2e-cf2c0946cd1d,3fc777b1-6872-4f7d-af40-b716777c511b,d46d9bc7-6f41-4640-b122-21d24486d8b5
b3434627-a459-4e69-85f6-70eddccd2b68,c674b684-9c15-4244-be68-3140b719e1b9,691ca1f5-8df5-4df2-9e2e-72b43a1ce679
b3f611d6-cd8a-426e-be20-7d58f3c1db8a,b2cfa4a2-f89c-4313-bba0-c27c0a7d5eaa,399865b0-582d-4f3c-a752-66923b881a81
b4b87cf9-bb01-46f2-9912-226b75200d60,2c86a550-7f4f-41ce-877d-c3aa74d8e90e,d46d9bc7-6f41-4640-b122-21d24486d8b5
b5b41342-7c76-402f-9993-583a62fd7545,b2c2e36f-d596-4212-999c-bfc8946ead07,674ffc82-44e8-4b66-8ce9-1480a9ef69fd
b5c9dcd1-8cac-4676-a247-ec86c948f185,6a5c6754-da09-46f8-9a00-e593bc479f38,d4ff8b98-c13e-441e-ad01-3b8d28100e1a
b6145cd1-5c31-444b-a386-c19005000354,a4c77b5d-d638-49a1-a01c-b11248ada5e6,674ffc82-44e8-4b66-8ce9-1480a9ef69fd
b69935c7-d50f-4499-9c49-52339cbdfe53,53fad979-5605-496a-9929-1cafd692e2f3,27547a61-f3b1-4377-9d02-19ddd866b3ff
b6b02547-d148-4df7-94af-0140f8cb8be5,3fc777b1-6872-4f7d-af40-b716777c511b,399865b0-582d-4f3c-a752-66923b881a81
b7549c3e-8ef7-45f0-98a7-0a1f0e3c3dfd,cbce11d7-787f-4bc8-b82c-d2457ecbc351,674ffc82-44e8-4b66-8ce9-1480a9ef69fd
b776e9bd-107c-4c3b-bd31-83b2f4c3edea,78b00261-2f98-46fe-a140-b3632aa8a8b3,274d30f5-98e4-4537-ba17-fa3215cc9020
b7e91e58-5c70-4c44-83f1-a44884792074,437094ec-0349-4a18-adc6-d1a4c594b467,274d30f5-98e4-4537-ba17-fa3215cc9020
b970a4e2-8a33-431c-b9b0-b8fab46e5d51,ba8acce4-b029-4e45-b047-72045d90e2a0,d46d9bc7-6f41-4640-b122-21d24486d8b5
ba9493dd-18a5-46e8-96d7-33416174cfce,0cacce4c-39f0-462b-be29-cc399cc38919,274d30f5-98e4-4537-ba17-fa3215cc9020
baa50b41-83a1-4e06-a8c1-d45578ab4b7b,a4c77b5d-d638-49a1-a01c-b11248ada5e6,691ca1f5-8df5-4df2-9e2e-72b43a1ce679
bac808dc-2773-4771-96f9-3ba243147eaa,5396ec56-3d4f-4d6b-a634-1b039eea337f,e63e6cfc-060a-41ad-8d2d-f8f8695cc3d8
bb6f5ada-38a5-442f-9008-9b2aac615dd5,c98ed1a9-cd26-46bc-988d-ffb2ad25c4d2,d46d9bc7-6f41-4640-b122-21d24486d8b5
bbbc7c6e-27c1-43e8-9ef8-c343222d68f2,d9789316-14fa-47b2-963b-6f96d95c04cf,274d30f5-98e4-4537-ba17-fa3215cc9020
bc06063f-96eb-4046-aa29-aebf037319fc,cc267e9d-3289-4a34-b197-49cf9ed68a4b,691ca1f5-8df5-4df2-9e2e-72b43a1ce679
bc42d933-ee09-4fdd-a575-fcdc30f7dca1,519a0dfe-c0cb-42f8-bc5e-0ba386cd034b,399865b0-582d-4f3c-a752-66923b881a81
bcbd8730-d694-43ec-bc3d-e2f217dcca0a,c62fbd34-f95f-4294-9a8c-ef2c2d2029e7,399865b0-582d-4f3c-a752-66923b881a81
bd2e0286-aeb6-40eb-9002-3b0e6716099c,bea71243-fc52-45fa-8c08-70f5c5e6d06f,e63e6cfc-060a-41ad-8d2d-f8f8695cc3d8
bd9102ad-d20f-47cc-a1a1-a3199cee0a63,2c1607ec-a1c7-4fae-b181-e05a70592ae2,e63e6cfc-060a-41ad-8d2d-f8f8695cc3d8
bd955a84-ae3b-4e72-8952-68f93bb383e3,188a0abb-2088-40da-ad9a-d9b7c13de723,e63e6cfc-060a-41ad-8d2d-f8f8695cc3d8
be60fdf8-c003-4c55-b385-060ece81e31c,524266d8-1e8f-49ce-8f21-eb74cd16d6a7,2491a797-6df8-4944-96a3-bd9bbde5258c
be98065f-96b5-4dc8-a250-06a67bb5f579,1e66883a-9846-4384-8793-124a0f5266da,274d30f5-98e4-4537-ba17-fa3215cc9020
befdfc7e-ec4f-4e4a-a3bc-12b35e2a5d29,0311df4e-f561-4db9-99b6-764a66842e0b,674ffc82-44e8-4b66-8ce9-1480a9ef69fd
bfe76859-772b-466e-ada8-5099024adbdd,adf5a3c2-be9e-42f0-8f1f-5518f51dd3df,e63e6cfc-060a-41ad-8d2d-f8f8695cc3d8
c05d29df-3508-44d4-91f5-35e7a51bb83e,71107579-fb72-4ceb-9931-ff886ea766ae,2491a797-6df8-4944-96a3-bd9bbde5258c
c0b18c92-a967-4437-8e08-54db1ddc1049,53fad979-5605-496a-9929-1cafd692e2f3,d46d9bc7-6f41-4640-b122-21d24486d8b5
c202cd64-d437-45b6-9a88-51aca1ec0b87,91b92127-b713-46d8-8ac0-1c39fa3ce4bc,674ffc82-44e8-4b66-8ce9-1480a9ef69fd
c20c0601-b89e-4725-931c-ccc9a32931d8,d99437a2-fb4b-4b3a-8ff1-a836bbbce393,2491a797-6df8-4944-96a3-bd9bbde5258c
c302f049-dc50-4639-9ac0-97b5ce316a74,1d960512-116a-4211-8808-d1a6f6e3dadc,d46d9bc7-6f41-4640-b122-21d24486d8b5
c377b669-44fc-4e1f-86c3-27f005f9d4fa,25180e5b-9888-49c2-be38-0437db88eaf4,d46d9bc7-6f41-4640-b122-21d24486d8b5
c464dc78-2bf8-411c-9a0f-6dd529b2fcde,68b6f1c1-24dd-45a3-860f-82e11c73dc43,d46d9bc7-6f41-4640-b122-21d24486d8b5
c46f833f-f37b-46cd-9e44-c8b020f28d0e,36ede17c-e170-42c4-a99d-0343db68cf3b,674ffc82-44e8-4b66-8ce9-1480a9ef69fd
c48507b6-ab78-4589-af66-5e8ca9f89968,178c791e-1a6a-42fb-87ba-1b9a0145350e,691ca1f5-8df5-4df2-9e2e-72b43a1ce679
c49186e5-f562-4ef8-a6a9-989d220c083e,2c1607ec-a1c7-4fae-b181-e05a70592ae2,674ffc82-44e8-4b66-8ce9-1480a9ef69fd
c5036266-aa19-431d-a753-52540bbcf22f,fb093e0d-7259-48f4-96cc-b59398216f33,27547a61-f3b1-4377-9d02-19ddd866b3ff
c52a7bef-9c29-4863-8046-440dd5ba5ba9,0887069a-aa53-4246-8837-cc51371808d1,399865b0-582d-4f3c-a752-66923b881a81
c5a91ed2-3ae4-4c2a-adcf-a0b92b619779,0cacce4c-39f0-462b-be29-cc399cc38919,2491a797-6df8-4944-96a3-bd9bbde5258c
c5f17417-f91e-4414-a2ac-22a94576dada,d99437a2-fb4b-4b3a-8ff1-a836bbbce393,674ffc82-44e8-4b66-8ce9-1480a9ef69fd
c720310a-19d3-4cd1-90ff-6163be569e9e,bd485610-c27a-4bbb-af5b-0d0aaa93ee19,691ca1f5-8df5-4df2-9e2e-72b43a1ce679
c73d1949-66a2-4d6f-88e5-ec9e01afc986,148be5e9-17a9-476d-9a5a-d0a69b227547,399865b0-582d-4f3c-a752-66923b881a81
c7f1604b-092b-4795-9241-46c2e6a99756,3c55e14b-e5e1-4613-8349-2aae6a2be8aa,e63e6cfc-060a-41ad-8d2d-f8f8695cc3d8
c835b3c2-e366-4906-8d2b-a4688b6b60b8,d9789316-14fa-47b2-963b-6f96d95c04cf,4e7b9562-e957-4630-8d5d-89388793f561
c8ee325b-511a-4e23-8821-6eb5f8f42d9e,e31aaee5-97e7-43ab-b43a-5634c6083e97,4e7b9562-e957-4630-8d5d-89388793f561
c93087c9-7d8c-4b07-92f7-32dff505ec5e,68b6f1c1-24dd-45a3-860f-82e11c73dc43,d4ff8b98-c13e-441e-ad01-3b8d28100e1a
cc3fde5a-e478-48d3-a8c3-4e8e0eb63b7a,12059e6c-4cef-4916-9f2a-0123de76c296,274d30f5-98e4-4537-ba17-fa3215cc9020
cd7626a0-a95c-4322-896e-19d2aa30440d,a74f5d0b-2618-4450-950e-ba5af558378e,27547a61-f3b1-4377-9d02-19ddd866b3ff
cdc60ee6-560a-4c64-834c-70b98e5bb1f3,cbce11d7-787f-4bc8-b82c-d2457ecbc351,274d30f5-98e4-4537-ba17-fa3215cc9020
ce6aed6b-579e-40fa-9832-bf51999365d2,f617c111-ddcb-415b-9bbb-0e34640ff6e6,27547a61-f3b1-4377-9d02-19ddd866b3ff
ceea8656-0205-4f1b-bc87-af2769745d5e,a4c77b5d-d638-49a1-a01c-b11248ada5e6,2491a797-6df8-4944-96a3-bd9bbde5258c
cf6468bf-4915-4af9-95b6-7517a19ca1d2,020276b7-fafe-4326-b9ac-6d79b4c37e4f,27547a61-f3b1-4377-9d02-19ddd866b3ff
cf96dc87-aed1-42df-893c-f112e2900bad,6f4112d6-3237-45b1-8462-0df000cbcb4d,691ca1f5-8df5-4df2-9e2e-72b43a1ce679
cf9b2006-c5de-4167-ae96-06c9b6de5e77,ecd1768c-149c-4c04-9faa-32ad7dcff658,4e7b9562-e957-4630-8d5d-89388793f561
d104b6f9-da5c-49a1-8193-9fe1755311fc,e31bc982-a05e-4c55-b5f2-a8e2cebdd0de,691ca1f5-8df5-4df2-9e2e-72b43a1ce679
d14171cb-cf86-4a1b-a8c9-ce9deab9631b,68b6f1c1-24dd-45a3-860f-82e11c73dc43,674ffc82-44e8-4b66-8ce9-1480a9ef69fd
d1bfa121-8efa-4c77-b421-2cb54707b9e3,b2cfa4a2-f89c-4313-bba0-c27c0a7d5eaa,2491a797-6df8-4944-96a3-bd9bbde5258c
d33fdf88-dcbb-4025-920f-160efe806882,4fe6b059-89a5-4d4f-b4ca-e25c8da21913,27547a61-f3b1-4377-9d02-19ddd866b3ff
d3b96110-ec03-4dd3-b689-26e243cef2d2,de040631-2f74-48ee-abbb-b1a7ddf52f12,d4ff8b98-c13e-441e-ad01-3b8d28100e1a
d45580cf-e26a-4987-acb2-c85d6107e4a0,76042b4a-491a-4868-8995-881d450065ec,691ca1f5-8df5-4df2-9e2e-72b43a1ce679
d4a4393b-cf0b-417a-9085-070d09ec06c7,69b8dd12-a6c8-4c03-83a7-4a56e178fd29,d4ff8b98-c13e-441e-ad01-3b8d28100e1a
d4a4c52d-978b-4973-9805-97d8fad103f1,0887069a-aa53-4246-8837-cc51371808d1,d4ff8b98-c13e-441e-ad01-3b8d28100e1a
d570b481-45db-4e89-afea-e4e5ce5e475b,fb093e0d-7259-48f4-96cc-b59398216f33,2491a797-6df8-4944-96a3-bd9bbde5258c
d611d52c-3413-4dec-bcfb-010d357fdc85,7d347500-296c-4642-8f09-e0999c27b921,d46d9bc7-6f41-4640-b122-21d24486d8b5
d6322c2b-4e25-4d77-8ef7-1e415290a27b,0311df4e-f561-4db9-99b6-764a66842e0b,399865b0-582d-4f3c-a752-66923b881a81
d79946f5-ea19-475c-97f3-8e1388122558,9fb8e846-6853-424b-b223-3301abb86f6c,27547a61-f3b1-4377-9d02-19ddd866b3ff
d7a8ff4e-f9c3-40f2-bb46-081b28be8990,2c86a550-7f4f-41ce-877d-c3aa74d8e90e,674ffc82-44e8-4b66-8ce9-1480a9ef69fd
d82293b2-51da-4096-a6b0-bd217db26bda,6bc41437-ad07-4156-9f7d-37683f6b441e,27547a61-f3b1-4377-9d02-19ddd866b3ff
d8460c7f-3a1d-44cf-9d5d-7c1caac462c7,a4c77b5d-d638-49a1-a01c-b11248ada5e6,691ca1f5-8df5-4df2-9e2e-72b43a1ce679
d9d2cccd-a345-4196-910e-e148fb5b006d,8aa0e43d-955f-4137-a2e6-efa77dc3cc5d,4e7b9562-e957-4630-8d5d-89388793f561
da0d00ab-4b73-40de-b68a-0459fc3024d6,aab34b56-7db3-48ff-8194-e7574620e937,2491a797-6df8-4944-96a3-bd9bbde5258c
da7f0241-e745-4caf-8afc-e2f257d06732,73d1a5d9-b23d-4db6-80d1-9045b84ef975,d46d9bc7-6f41-4640-b122-21d24486d8b5
dc6ec1b3-d150-4dad-8ead-2a55ff6eba92,6e838593-0bff-4e03-8314-1d39cb7a11ee,399865b0-582d-4f3c-a752-66923b881a81
dd3d74f1-a3cb-4cf0-a161-6414937ac327,519a0dfe-c0cb-42f8-bc5e-0ba386cd034b,274d30f5-98e4-4537-ba17-fa3215cc9020
dd6da3c2-165d-4efc-8c10-8122f6cc0590,0887069a-aa53-4246-8837-cc51371808d1,691ca1f5-8df5-4df2-9e2e-72b43a1ce679
de76f180-4bed-40dc-a1a6-7cace27603ba,148be5e9-17a9-476d-9a5a-d0a69b227547,2491a797-6df8-4944-96a3-bd9bbde5258c
de9ad0d3-9b45-4e0f-8491-238e8fecab2d,bdf64d95-1631-4859-9993-a6915d046548,674ffc82-44e8-4b66-8ce9-1480a9ef69fd
dedb756a-6ef6-48e2-9eb0-446d281957e4,73d1a5d9-b23d-4db6-80d1-9045b84ef975,4e7b9562-e957-4630-8d5d-89388793f561
df4ae734-33cc-47e0-84a7-9543f769431b,6a3c820f-a6c8-417d-b1eb-3a91fd5465f1,399865b0-582d-4f3c-a752-66923b881a81
dfe772ac-fbd7-4a7c-b647-eae11eb4f793,9a19e12c-c6cb-40cd-a4e7-c7daf4bd2b29,274d30f5-98e4-4537-ba17-fa3215cc9020
e091bc8e-2eaa-49a0-ade1-c6966a2e9b1c,3c55e14b-e5e1-4613-8349-2aae6a2be8aa,2491a797-6df8-4944-96a3-bd9bbde5258c
e0ee9feb-7a28-42cb-b80e-deba9b0848d3,53fad979-5605-496a-9929-1cafd692e2f3,e63e6cfc-060a-41ad-8d2d-f8f8695cc3d8
e146b971-10ab-4546-9407-4695a101bb45,36ede17c-e170-42c4-a99d-0343db68cf3b,d46d9bc7-6f41-4640-b122-21d24486d8b5
e2304dce-b891-4df2-baf3-d4124aa8f550,25180e5b-9888-49c2-be38-0437db88eaf4,274d30f5-98e4-4537-ba17-fa3215cc9020
e2573b2b-53bd-4a11-b883-2c3f9678a798,3ca5fdb2-6796-42d8-a425-37c05cbd2661,27547a61-f3b1-4377-9d02-19ddd866b3ff
e353887e-2fdd-4eea-a41c-2f677d6d1c70,de040631-2f74-48ee-abbb-b1a7ddf52f12,e63e6cfc-060a-41ad-8d2d-f8f8695cc3d8
e35bac45-04b3-4d0c-b35c-354f2fbe36ed,ba8acce4-b029-4e45-b047-72045d90e2a0,e63e6cfc-060a-41ad-8d2d-f8f8695cc3d8
e442c295-b67c-4f34-b4ef-fea40f5bb8e0,c674b684-9c15-4244-be68-3140b719e1b9,399865b0-582d-4f3c-a752-66923b881a81
e55ebccd-4b1d-4e87-a91e-c6f48b062368,148be5e9-17a9-476d-9a5a-d0a69b227547,399865b0-582d-4f3c-a752-66923b881a81
e5d40d1c-6905-46bf-abb9-49fb9747459c,6bc41437-ad07-4156-9f7d-37683f6b441e,674ffc82-44e8-4b66-8ce9-1480a9ef69fd
e620c429-0768-4511-bc1e-2241d0ef6205,5396ec56-3d4f-4d6b-a634-1b039eea337f,d4ff8b98-c13e-441e-ad01-3b8d28100e1a
e6966219-8c84-455d-a626-ac2ee688ed3f,e31bc982-a05e-4c55-b5f2-a8e2cebdd0de,691ca1f5-8df5-4df2-9e2e-72b43a1ce679
e7198428-449d-4d20-aff3-c6c3f5d910e9,fe236505-219f-459f-89fa-b8d6c3cdfd6b,27547a61-f3b1-4377-9d02-19ddd866b3ff
e7730c0e-387b-49fa-a225-05fc3328eb98,cc267e9d-3289-4a34-b197-49cf9ed68a4b,4e7b9562-e957-4630-8d5d-89388793f561
e84e0648-db12-4a0d-80bc-3ce83a364c68,188a0abb-2088-40da-ad9a-d9b7c13de723,e63e6cfc-060a-41ad-8d2d-f8f8695cc3d8
e8eef51b-3ec8-40be-9ac6-80845140192a,cbce11d7-787f-4bc8-b82c-d2457ecbc351,2491a797-6df8-4944-96a3-bd9bbde5258c
e9019f1c-40fc-4a78-bfd8-015db300d8d2,1e66883a-9846-4384-8793-124a0f5266da,d46d9bc7-6f41-4640-b122-21d24486d8b5
eb253833-6a25-411d-9f11-ec41cef0ccce,966c1541-a5bf-44bf-9f7a-cc44353c03ce,27547a61-f3b1-4377-9d02-19ddd866b3ff
eb542b96-8774-4ea8-a8bd-cc07ffb68c79,3c5e3de4-41dd-446b-ab35-ee308241ea2b,d4ff8b98-c13e-441e-ad01-3b8d28100e1a
eb8763d9-1776-44dc-a6c7-7111f89155b2,524266d8-1e8f-49ce-8f21-eb74cd16d6a7,274d30f5-98e4-4537-ba17-fa3215cc9020
ebf0a9b8-4082-48eb-91f6-c0c94c9404cf,0165f0ca-53e5-4637-8e29-e01f330c49e5,674ffc82-44e8-4b66-8ce9-1480a9ef69fd
ec2545ca-4c0b-4d4a-aa89-66e91c8610b7,88a59e63-0405-4c40-b172-c188956e07ea,691ca1f5-8df5-4df2-9e2e-72b43a1ce679
eccc122f-0619-4f5c-b05f-4f77aaf4f484,6f4112d6-3237-45b1-8462-0df000cbcb4d,d46d9bc7-6f41-4640-b122-21d24486d8b5
eda0a2af-0ef6-45d3-84c6-473066896a02,71107579-fb72-4ceb-9931-ff886ea766ae,4e7b9562-e957-4630-8d5d-89388793f561
eda38bdf-62cf-41ca-8905-4a9a20f79b7e,d99437a2-fb4b-4b3a-8ff1-a836bbbce393,691ca1f5-8df5-4df2-9e2e-72b43a1ce679
edc95964-b4d4-4053-8f14-b134091274b4,ba8acce4-b029-4e45-b047-72045d90e2a0,d46d9bc7-6f41-4640-b122-21d24486d8b5
ee944e0f-f496-40e7-905e-32f4b8ece87d,0311df4e-f561-4db9-99b6-764a66842e0b,d46d9bc7-6f41-4640-b122-21d24486d8b5
eeccd2b1-9728-4506-901d-0be20adf1aef,fea92b6e-b248-4771-8ca6-8e6400df56b3,691ca1f5-8df5-4df2-9e2e-72b43a1ce679
eef36647-5c70-4254-a932-feb597bc6ff5,519a0dfe-c0cb-42f8-bc5e-0ba386cd034b,2491a797-6df8-4944-96a3-bd9bbde5258c
efaad1fc-e655-4204-979f-5c21d4066bb6,b2c2e36f-d596-4212-999c-bfc8946ead07,4e7b9562-e957-4630-8d5d-89388793f561
efd6c6f7-1a24-4d87-b21b-a8b361af64b3,3fc777b1-6872-4f7d-af40-b716777c511b,674ffc82-44e8-4b66-8ce9-1480a9ef69fd
f0e88cd9-a060-4a64-9738-2bb98ea7b5b6,3ca5fdb2-6796-42d8-a425-37c05cbd2661,399865b0-582d-4f3c-a752-66923b881a81
f1342672-b0e7-420e-b807-2fee4500ee28,212e3dc5-e42c-478d-8b86-048efc1ee17c,691ca1f5-8df5-4df2-9e2e-72b43a1ce679
f140595c-e09c-4235-b79a-e1748659778e,5c35d608-fe8c-4d4c-b27d-dbbdd016173c,691ca1f5-8df5-4df2-9e2e-72b43a1ce679
f146488d-0263-47da-a964-2596a2375bb0,25180e5b-9888-49c2-be38-0437db88eaf4,2491a797-6df8-4944-96a3-bd9bbde5258c
f197bce1-8729-4d2e-9fb2-28fef9d30344,c62fbd34-f95f-4294-9a8c-ef2c2d2029e7,e63e6cfc-060a-41ad-8d2d-f8f8695cc3d8
f1b515f5-3d31-480e-8c5b-d77daa84a89f,2c86a550-7f4f-41ce-877d-c3aa74d8e90e,399865b0-582d-4f3c-a752-66923b881a81
f1bc9068-bbe7-4efb-8d27-4848e45dc8ad,91b92127-b713-46d8-8ac0-1c39fa3ce4bc,2491a797-6df8-4944-96a3-bd9bbde5258c
f1cf3e38-06cb-4cf7-9fb1-c82cf58d0fc1,88a59e63-0405-4c40-b172-c188956e07ea,e63e6cfc-060a-41ad-8d2d-f8f8695cc3d8
f1d66f59-4cbe-441f-9261-fe930e6d8ff7,515e5c96-51c8-4226-a490-795996321da4,674ffc82-44e8-4b66-8ce9-1480a9ef69fd
f25bac21-80e7-433b-9f7a-886600ea5949,5a7cfe69-d346-4dfd-9c72-bf7a7229a3c7,e63e6cfc-060a-41ad-8d2d-f8f8695cc3d8
f3cf8118-024a-4c52-9c70-04cc3ed368d2,a9227e33-7c4e-42f1-a79c-e39c8dec944b,691ca1f5-8df5-4df2-9e2e-72b43a1ce679
f40940b1-dc85-497c-bde1-242b78e7ef7e,dd4eb7f1-1909-4dcf-8df3-bcabe970f1e5,d46d9bc7-6f41-4640-b122-21d24486d8b5
f439aa4e-4b80-4c4d-8e4f-16bf4f866bed,3fc777b1-6872-4f7d-af40-b716777c511b,e63e6cfc-060a-41ad-8d2d-f8f8695cc3d8
f458a75f-6553-4055-9959-e8f65a716a95,d0f47cec-1075-4c8f-8eee-b0761d857726,2491a797-6df8-4944-96a3-bd9bbde5258c
f52010b1-0529-4017-87f6-7cead711b80e,fea92b6e-b248-4771-8ca6-8e6400df56b3,27547a61-f3b1-4377-9d02-19ddd866b3ff
f5215229-64b6-46ca-8d2e-e5677c87428a,f05bba06-a461-4059-9227-dfb890f1e77c,674ffc82-44e8-4b66-8ce9-1480a9ef69fd
f59974f7-41bc-4ad7-98af-a27db967a570,04911fe4-65ce-4bbc-9fa7-b94e0ecf5e78,2491a797-6df8-4944-96a3-bd9bbde5258c
f5fff706-68bb-482e-a91c-8a51d8ec0ff6,6f4112d6-3237-45b1-8462-0df000cbcb4d,399865b0-582d-4f3c-a752-66923b881a81
f62066bb-f16b-4aa9-885d-2c5e07053afa,36ede17c-e170-42c4-a99d-0343db68cf3b,274d30f5-98e4-4537-ba17-fa3215cc9020
f66eb548-a637-4ed9-9da7-04a5fdd811d0,4fe6b059-89a5-4d4f-b4ca-e25c8da21913,e63e6cfc-060a-41ad-8d2d-f8f8695cc3d8
f672edb1-2be2-4af4-97bc-41913083cb9d,91b4d6e1-711d-4ab9-92da-cb597962a695,d4ff8b98-c13e-441e-ad01-3b8d28100e1a
f791eed0-478a-4086-b184-1c266520b13d,e3345631-97e8-4efb-af14-9ebfa5a9f833,691ca1f5-8df5-4df2-9e2e-72b43a1ce679
f7973946-bea0-4f78-9845-2c8054a64924,3c5e3de4-41dd-446b-ab35-ee308241ea2b,d4ff8b98-c13e-441e-ad01-3b8d28100e1a
f81d9130-4d8a-451a-9f7c-32d89639cd74,c198b4d3-8f80-4d6f-bdfa-5d1901d08136,2491a797-6df8-4944-96a3-bd9bbde5258c
f97b292a-d75d-43e7-b63f-c528a0238919,d0f47cec-1075-4c8f-8eee-b0761d857726,274d30f5-98e4-4537-ba17-fa3215cc9020
fa6c58c7-4bcb-45aa-bc1d-ee222dd29c7b,377a058f-cc32-4377-b7cd-02e651dd58ab,399865b0-582d-4f3c-a752-66923b881a81
fa81655a-e870-4d0c-8634-1d423c289459,dd4eb7f1-1909-4dcf-8df3-bcabe970f1e5,399865b0-582d-4f3c-a752-66923b881a81
faf1c9ab-a79d-4d85-ba4d-58d5c181f0d8,8aa0e43d-955f-4137-a2e6-efa77dc3cc5d,27547a61-f3b1-4377-9d02-19ddd866b3ff
fc8020b7-2b6c-4716-8805-52351d83aa5f,c198b4d3-8f80-4d6f-bdfa-5d1901d08136,399865b0-582d-4f3c-a752-66923b881a81
fc8c5b3f-63dc-4ec5-93b9-85f322339a11,f05bba06-a461-4059-9227-dfb890f1e77c,2491a797-6df8-4944-96a3-bd9bbde5258c
fcdd068d-9942-4464-b009-2483a6cce694,2c1607ec-a1c7-4fae-b181-e05a70592ae2,399865b0-582d-4f3c-a752-66923b881a81
fd330724-19e6-4269-ab67-28aa8ae2cf2b,188a0abb-2088-40da-ad9a-d9b7c13de723,674ffc82-44e8-4b66-8ce9-1480a9ef69fd
fd9640be-3673-4e8a-a931-cbbe4987ed99,0d88f504-821b-401d-96e1-c9c43577381f,674ffc82-44e8-4b66-8ce9-1480a9ef69fd
fdcb0666-82a9-45bc-9082-7c8e9cda38a1,69b8dd12-a6c8-4c03-83a7-4a56e178fd29,2491a797-6df8-4944-96a3-bd9bbde5258c
fdda96ec-cd37-4b44-a69d-81767102fd79,68b6f1c1-24dd-45a3-860f-82e11c73dc43,691ca1f5-8df5-4df2-9e2e-72b43a1ce679
fe8bb8f9-9d2c-4003-9831-33c5e0931e00,1e66883a-9846-4384-8793-124a0f5266da,27547a61-f3b1-4377-9d02-19ddd866b3ff
fe9dd124-2f56-4dc0-abba-3a54b25a5ae2,188a0abb-2088-40da-ad9a-d9b7c13de723,e63e6cfc-060a-41ad-8d2d-f8f8695cc3d8
feaeec9c-4240-4ded-b117-4da92e432f68,966c1541-a5bf-44bf-9f7a-cc44353c03ce,274d30f5-98e4-4537-ba17-fa3215cc9020
febb5031-8f0a-4ea9-a76e-1e0a675a90c8,6bc41437-ad07-4156-9f7d-37683f6b441e,2491a797-6df8-4944-96a3-bd9bbde5258c
ff303be9-c499-4ec9-9cb6-90b0da2b3431,74a0afd4-085e-40fa-924a-ffef9af48f88,2491a797-6df8-4944-96a3-bd9bbde5258c